file,latency
telemetry_0_4cce9e79b6f54c77b8fb8223551ec507.json,0.014
telemetry_1_6a203117c17b4c25bf7c35cb40b9a3ff.json,0.014
telemetry_2_3e02b223939040338be6548a35d544e8.json,0.014
telemetry_3_33d16b475e9b4bdb8d6d4e85287da644.json,0.014
telemetry_4_3282720115b845ef94799bbfc9ff63b9.json,0.014
telemetry_0_760268fcb82a4e78930331acf888002b.json,0.015
telemetry_1_e68d1a7e99f24102806eaccc632f9a40.json,0.015
telemetry_2_254d83a0152342649901508b9a45b2b4.json,0.015
telemetry_3_238045a2f0564fc1b8450d822fd25bbc.json,0.015
telemetry_4_b0fab4737d9b428f986b3a07b4fa0745.json,0.015
telemetry_0_769f0e118a0a4fdea42523183c883686.json,0.139
telemetry_1_a726850a992f4841ba16628e93df31ec.json,0.135
telemetry_2_4f1775c0fcbe46bca3bf9705be6bf9de.json,0.134
telemetry_3_926ba45047ed466f8adf218211bf34af.json,0.134
telemetry_4_7bd5e045f9884501a4d2359f2cba5889.json,0.135
telemetry_0_47efecfa4a564db987d28cfa4569d4c8.json,0.137
telemetry_1_2090800896e84cd99b5b93c4dc447a6b.json,0.137
telemetry_2_70d25516c0034d1f9da275ba927a7295.json,0.137
telemetry_3_4b14508172d04144b58964edd4202343.json,0.137
telemetry_4_62bba3b1b7114241a2f88af28d273f91.json,0.139
telemetry_0_41a8e3d92c59436c99e1dab35e303541.json,0.014
telemetry_1_69f9de09799a470c84346b49450e385c.json,0.014
telemetry_2_f4534ce2ba8c482b9da425c7e45cc01f.json,0.014
telemetry_3_6653f5b7f5414895ab758930f93c446a.json,0.014
telemetry_4_ec1898b00b2944e4bf90df2d2087a87a.json,0.014
telemetry_0_133f3437930d405f868847df3c2ebfb5.json,0.015
telemetry_1_a67a04dd64c249b0bc0fdb22b2ff08fd.json,0.015
telemetry_2_76f71fa0df97452e9d6804ee95ef615b.json,0.015
telemetry_3_cf91824e494a465db120b301e0bc0d54.json,0.015
telemetry_4_5c70614d4ee6432fa0c54536589afcdd.json,0.015
telemetry_0_e97689b3db01461d9cb0e348048da467.json,0.138
telemetry_1_2e204165339f449596e10b347d8d28ea.json,0.138
telemetry_3_e64d8758648142d686f9956a7b0971f4.json,0.138
telemetry_2_c9d9de7be8c24718bf8c1c14bc633bfe.json,0.14
telemetry_4_74d22756c4d24f6eb3952a255afd8c66.json,0.138
telemetry_0_aac4f01cd9d641a4b9f50e21914681f5.json,0.137
telemetry_1_7eae6ad9688a41d180d90e5d5d0f1def.json,0.134
telemetry_2_5b6f6aa8a2d84c7fa1fb3df7269c78be.json,0.134
telemetry_3_893abe27b03c42d1aa7da1d458431642.json,0.134
telemetry_4_69e90c6ea2fc489394efe0506bfff739.json,0.134
telemetry_0_cddf05cd9d524c02888fb1e7eca2d527.json,0.135
telemetry_1_63c5ac15ba7644ed822c5de1f2e52039.json,0.136
telemetry_2_ce7516c3c9224850924bded8b4ae9293.json,0.134
telemetry_3_722fd73023cd448497923450e7a79e47.json,0.133
telemetry_4_ca61a7907dee43809240a661530a4b6d.json,0.134
telemetry_0_cdc98e4164bf46b6a48788bdaebea677.json,0.138
telemetry_1_582847cad123419b8fdbe6b508a5c6b5.json,0.139
telemetry_2_36d0a628bc684fb8bb140b3dfc47fd95.json,0.138
telemetry_3_1bcb8278903748158ae5ad497506f940.json,0.138
telemetry_4_079a53e6309e483a92388a8ac65be459.json,0.139
